Sample,SampleConc   ,EstConc,npositive,ntotal
1_GC_Synth_1.2E-11,0.13,0,0,18130
1_GC_Synth_1.2E-11,0.13,0,0,18049
1_GC_Synth_1.2E-11,0.13,0.13,2,18252
1_GC_Synth_1.2E-11,0.13,0.06,1,19028
1_GC_Synth_1.2E-11,0.13,0.06,1,18577
1_GC_Synth_1.6E-9,16.01,0.58,9,18158
1_GC_Synth_1.6E-9,16.01,0.24,4,19255
1_GC_Synth_1.6E-9,16.01,0.52,8,18049
1_GC_Synth_1.6E-9,16.01,0.45,7,18167
1_GC_Synth_1.6E-9,16.01,0.41,7,20333
1_GC_Synth_1E-6,10006.33,397,5421,18916
1_GC_Synth_1E-6,10006.33,395,5474,19195
1_GC_Synth_1E-6,10006.33,391,4748,16789
1_GC_Synth_1E-6,10006.33,415,5057,17006
1_GC_Synth_1E-6,10006.33,396,5231,18321
1_GC_Synth_2E-7,2001.27,67.3,1019,18317
1_GC_Synth_2E-7,2001.27,66.5,1056,19211
1_GC_Synth_2E-7,2001.27,68.9,1012,17791
1_GC_Synth_2E-7,2001.27,62,946,18437
1_GC_Synth_2E-7,2001.27,66.4,1011,18420
1_GC_Synth_3.2E-10,3.2,0.06,1,19312
1_GC_Synth_3.2E-10,3.2,0.24,4,19710
1_GC_Synth_3.2E-10,3.2,0.13,2,17976
1_GC_Synth_3.2E-10,3.2,0,0,16905
1_GC_Synth_3.2E-10,3.2,0,0,21276
1_GC_Synth_4E-8,400.25,14.2,211,17609
1_GC_Synth_4E-8,400.25,16.3,258,18762
1_GC_Synth_4E-8,400.25,13.8,207,17773
1_GC_Synth_4E-8,400.25,13.1,204,18407
1_GC_Synth_4E-8,400.25,16,245,18136
1_GC_Synth_5E-6,50031.65,1965,15362,18924
1_GC_Synth_5E-6,50031.65,1954,14813,18286
1_GC_Synth_5E-6,50031.65,1994,14172,17359
1_GC_Synth_5E-6,50031.65,2013,14437,17622
1_GC_Synth_5E-6,50031.65,2019,14146,17245
1_GC_Synth_6.4E-11,0.64,0,0,18973
1_GC_Synth_6.4E-11,0.64,0.06,1,18696
1_GC_Synth_6.4E-11,0.64,0.12,2,19069
1_GC_Synth_6.4E-11,0.64,0,0,17312
1_GC_Synth_6.4E-11,0.64,0.11,2,21714
1_GC_Synth_8E-9,80.05,3.2,51,18559
1_GC_Synth_8E-9,80.05,2.7,43,18432
1_GC_Synth_8E-9,80.05,2.9,46,18392
1_GC_Synth_8E-9,80.05,2.6,41,18534
1_GC_Synth_8E-9,80.05,1.9,31,19373
2_GC_Synth_1.2E-11,0.13,0,0,21378
2_GC_Synth_1.2E-11,0.13,0,0,19760
2_GC_Synth_1.2E-11,0.13,0.06,1,19842
2_GC_Synth_1.2E-11,0.13,0.06,1,18161
2_GC_Synth_1.2E-11,0.13,0.07,1,18091
2_GC_Synth_1.6E-9  ,16.01,0.48,7,17293
2_GC_Synth_1.6E-9  ,16.01,0.57,9,18477
2_GC_Synth_1.6E-9  ,16.01,1.1,17,18837
2_GC_Synth_1.6E-9  ,16.01,0.56,9,18766
2_GC_Synth_1.6E-9  ,16.01,0.47,7,17664
2_GC_Synth_1E-6,10006.33,393,5165,18173
2_GC_Synth_1E-6,10006.33,401,5111,17711
2_GC_Synth_1E-6,10006.33,411,5714,19370
2_GC_Synth_1E-6,10006.33,400,5105,17698
2_GC_Synth_1E-6,10006.33,407,4800,16402
2_GC_Synth_2E-7,2001.27,79.6,1231,18810
2_GC_Synth_2E-7,2001.27,78.3,1172,18207
2_GC_Synth_2E-7,2001.27,81.7,1294,19280
2_GC_Synth_2E-7,2001.27,79.7,1185,18090
2_GC_Synth_2E-7,2001.27,82.1,1185,17581
2_GC_Synth_3.2E-10,3.2,0.07,1,16853
2_GC_Synth_3.2E-10,3.2,0.26,4,17876
2_GC_Synth_3.2E-10,3.2,0.38,6,18781
2_GC_Synth_3.2E-10,3.2,0.07,1,17915
2_GC_Synth_3.2E-10,3.2,0.28,4,16946
2_GC_Synth_4E-8,400.25,14.8,233,18618
2_GC_Synth_4E-8,400.25,14.4,226,18631
2_GC_Synth_4E-8,400.25,15.1,243,19067
2_GC_Synth_4E-8,400.25,16.3,241,17556
2_GC_Synth_4E-8,400.25,14.3,227,18795
2_GC_Synth_5E-6,50031.65,2113,15569,18667
2_GC_Synth_5E-6,50031.65,2161,16164,19226
2_GC_Synth_5E-6,50031.65,2172,16917,20088
2_GC_Synth_5E-6,50031.65,2131,14316,17114
2_GC_Synth_5E-6,50031.65,2128,14405,17229
2_GC_Synth_6.4E-11,0.64,0.07,1,16098
2_GC_Synth_6.4E-11,0.64,0.06,1,18409
2_GC_Synth_6.4E-11,0.64,0.06,1,18629
2_GC_Synth_6.4E-11,0.64,0,0,18350
2_GC_Synth_6.4E-11,0.64,0.07,1,18015
2_GC_Synth_8E-9,80.05,2.6,37,17004
2_GC_Synth_8E-9,80.05,3.2,49,18164
2_GC_Synth_8E-9,80.05,3.5,57,18948
2_GC_Synth_8E-9,80.05,2.8,41,17490
2_GC_Synth_8E-9,80.05,2.9,44,17955